1698423858406519772,"338092,the+lord+of+the+rings+the+return+of+the+king+2003,129"
1698423858406512929,"463246,the+lord+of+the+rings+the+return+of+the+king+2003,72"
1698423858406298797,"395642,catch+me+if+you+can+2002,31"
1698423858406291470,"327252,the+lord+of+the+rings+the+two+towers+2002,118"
1698423858406285234,"258600,one+flew+over+the+cuckoos+nest+1975,96"
1698423858402524386,"277271,the+singing+detective+2003,37"
1698423858395554478,"122423,the+lord+of+the+rings+the+two+towers+2002,177"
1698423858395544079,"205278,the+lord+of+the+rings+the+return+of+the+king+2003,155"
1698423858395494982,"472794,the+staircase+2004,277"
1698423858395475822,"267750,the+lord+of+the+rings+the+return+of+the+king+2003,174"
1698423858395460345,"15790,the+lord+of+the+rings+the+return+of+the+king+2003,68"
1698423858395453939,"296519,the+lord+of+the+rings+the+return+of+the+king+2003,112"
1698423858395442255,"53386,the+lord+of+the+rings+the+two+towers+2002,45"
1698423858395436442,"447771,pulp+fiction+1994,121"
1698423858395425759,"156806,dragonslayer+1981,16"
1698423858395423776,"342103,pulp+fiction+1994,74"
1698423858395414686,"312701,the+lord+of+the+rings+the+return+of+the+king+2003,104"
1698423858395408033,"4987,harper+1966,86"
1698423858395398589,"108183,the+lord+of+the+rings+the+two+towers+2002,148"
1698423858395377390,"266709,the+tiger+and+the+snow+2005,48"
1698423858395366223,"89118,whiplash+2014,13"
1698423858393492218,"420161,spirited+away+2001,120"
1698423858392149481,"<no value>,<no value>,<no value>"
1698423858392135837,"409088,the+lord+of+the+rings+the+return+of+the+king+2003,96"
1698423858392118061,"439895,gone+girl+2014,49"
1698423858392111894,"412650,interstellar+2014,83"
1698423858392105621,"280639,the+lord+of+the+rings+the+return+of+the+king+2003,75"
1698423858391917009,"411838,i+went+down+1997,87"
1698423858391909879,"457479,the+imitation+game+2014,52"
1698423858391903396,"322828,pickpocket+1959,49"
1698423858389711920,"227996,galaxy+quest+1999,45"
1698423858389614691,"559626,how+to+rob+a+bank+2007,5"
1698423858389567181,"258771,the+lord+of+the+rings+the+return+of+the+king+2003,138"
1698423858389558181,"509114,the+lord+of+the+rings+the+two+towers+2002,154"
1698423858389549001,"279838,interstellar+2014,106"
1698423858389541578,"319273,the+lord+of+the+rings+the+two+towers+2002,160"
1698423858389526062,"496777,the+dark+knight+2008,5"
1698423858389520435,"178832,the+mask+1994,2"
1698423858389516722,"26909,the+lord+of+the+rings+the+return+of+the+king+2003,86"
1698423858389508612,"<no value>,<no value>,<no value>"
1698423858389334333,"<no value>,<no value>,<no value>"
1698423858389328263,"135951,one+flew+over+the+cuckoos+nest+1975,15"
1698423858389322726,"479883,together+2000,8"
1698423858383941656,"439365,the+lord+of+the+rings+the+return+of+the+king+2003,107"
1698423858378535851,"76758,whiplash+2014,47"
1698423858378498124,"485887,the+lord+of+the+rings+the+return+of+the+king+2003,145"
1698423858378485498,"298824,the+lord+of+the+rings+the+return+of+the+king+2003,147"
1698423858378441248,"437007,defcon+the+documentary+2013,54"
1698423858378418978,"225695,the+lord+of+the+rings+the+return+of+the+king+2003,61"
1698423858378410355,"41338,inception+2010,89"
1698423858378401612,"467042,whiplash+2014,85"
1698423858378070990,"<no value>,<no value>,<no value>"
1698423858378047577,"83116,anastasia+1997,14"
1698423858378025721,"148741,the+lord+of+the+rings+the+two+towers+2002,91"
1698423858375206850,"<no value>,<no value>,<no value>"
1698423858375198813,"60795,the+dark+knight+2008,95"
1698423858370650394,"187410,interstellar+2014,75"
1698423858370426248,"235414,john+tucker+must+die+2006,36"
1698423858370417988,"414507,the+lord+of+the+rings+the+two+towers+2002,133"
1698423858366175354,"461700,whiplash+2014,93"
1698423858366062444,"449616,the+lord+of+the+rings+the+two+towers+2002,108"
1698423858361467047,"434436,interstellar+2014,81"
1698423858361426141,"91614,interstellar+2014,87"
1698423858361416928,"16435,shrek+2001,81"
1698423858361406335,"457127,shadow+of+a+doubt+1943,46"
1698423858361399185,"250978,facing+windows+2003,99"
1698423858361377858,"440755,the+lord+of+the+rings+the+return+of+the+king+2003,123"
1698423858361368285,"102337,harry+potter+and+the+deathly+hallows+part+1+2010,134"
1698423858361364551,"224946,the+lord+of+the+rings+the+return+of+the+king+2003,163"
1698423858361359771,"276206,one+flew+over+the+cuckoos+nest+1975,22"
1698423858361188622,"293638,the+lord+of+the+rings+the+two+towers+2002,99"
1698423858361182036,"115024,tracks+2014,84"
1698423858361175772,"520353,the+two+jakes+1990,94"
1698423858357120330,"362606,pulp+fiction+1994,93"
1698423858356745322,"183823,the+lord+of+the+rings+the+two+towers+2002,135"
1698423858356735156,"187257,pulp+fiction+1994,91"
1698423858356726876,"370170,blood+out+2011,24"
1698423858356688926,"96697,dark+command+1940,12"
1698423858354032834,"<no value>,<no value>,<no value>"
1698423858348083743,"364290,seven+samurai+1954,136"
1698423858348078293,"209472,near+dark+1987,65"
1698423858348064093,"354603,the+lord+of+the+rings+the+return+of+the+king+2003,86"
1698423858348052966,"252668,all+the+presidents+men+1976,122"
1698423858348037323,"164641,kippur+2000,20"
1698423858348029014,"375004,the+lord+of+the+rings+the+return+of+the+king+2003,39"
1698423858348020770,"248014,the+dark+knight+2008,144"
1698423858348010140,"210505,the+lord+of+the+rings+the+return+of+the+king+2003,137"
1698423858347912981,"114496,le+trou+1960,90"
1698423858347906307,"389739,one+flew+over+the+cuckoos+nest+1975,114"
1698423858347895684,"<no value>,<no value>,<no value>"
1698423858343733815,"74590,whiplash+2014,71"
1698423858343721112,"452204,the+lord+of+the+rings+the+return+of+the+king+2003,103"
1698423858343620116,"139988,seven+samurai+1954,65"
1698423858343611166,"203121,the+lord+of+the+rings+the+two+towers+2002,168"
1698423858341331181,"366913,the+lord+of+the+rings+the+return+of+the+king+2003,116"
1698423858337545536,"452394,the+lord+of+the+rings+the+return+of+the+king+2003,58"
1698423858332189505,"173812,tracers+2015,94"
1698423858332037786,"200480,bowling+for+columbine+2002,36"
1698423858332002503,"23905,pulp+fiction+1994,93"
1698423858331990997,"467117,the+lord+of+the+rings+the+return+of+the+king+2003,52"
1698423858331966610,"397742,one+flew+over+the+cuckoos+nest+1975,79"
1698423858331944297,"441113,interstellar+2014,67"
1698423858331933121,"459848,the+lord+of+the+rings+the+two+towers+2002,86"
1698423858331911407,"420484,lone+wolf+and+cub+baby+cart+to+hades+1972,51"
1698423858331902704,"30297,the+lord+of+the+rings+the+two+towers+2002,90"
1698423858331896481,"179184,come+and+see+1985,63"
1698423858331883687,"416728,vengeance+2009,26"
1698423858331463744,"185535,the+lord+of+the+rings+the+two+towers+2002,136"
1698423858331457867,"94962,the+lord+of+the+rings+the+two+towers+2002,64"
1698423858331452360,"364198,my+neighbor+totoro+1988,42"
1698423858327964320,"37100,the+lord+of+the+rings+the+two+towers+2002,144"
1698423858327946063,"288332,oldboy+2003,104"
1698423858327933247,"193734,the+lord+of+the+rings+the+return+of+the+king+2003,145"
1698423858327921983,"418834,richard+pryor+here+and+now+1983,22"
1698423858327918787,"437594,last+summer+in+the+hamptons+1995,57"
1698423858327842487,"554375,the+lord+of+the+rings+the+two+towers+2002,92"
1698423858327832141,"348533,the+lord+of+the+rings+the+two+towers+2002,99"
1698423858325358400,"342129,whiplash+2014,69"
1698423858323708555,"112863,whiplash+2014,59"
1698423858320478446,"119784,the+lord+of+the+rings+the+two+towers+2002,142"
1698423858320408777,"210890,pulp+fiction+1994,97"
1698423858320371411,"137683,spanglish+2004,3"
1698423858319801344,"332584,pulp+fiction+1994,88"
1698423858319797494,"180223,the+lord+of+the+rings+the+two+towers+2002,133"
1698423858319552639,"424071,moon+2009,5"
1698423858318536459,"267159,red+cliff+part+ii+2009,48"
1698423858318527433,"316330,z+channel+a+magnificent+obsession+2004,24"
1698423858318467196,"529224,the+lord+of+the+rings+the+two+towers+2002,27"
1698423858318458336,"158812,princess+mononoke+1997,32"
1698423858318448183,"468023,one+flew+over+the+cuckoos+nest+1975,62"
1698423858318438953,"501298,the+lord+of+the+rings+the+return+of+the+king+2003,194"
1698423858318398316,"550782,the+lord+of+the+rings+the+return+of+the+king+2003,5"
1698423858318387590,"366499,pulp+fiction+1994,68"
1698423858318383930,"241501,the+lord+of+the+rings+the+two+towers+2002,73"
1698423858318379603,"21145,indiana+jones+and+the+last+crusade+1989,104"
1698423858318163518,"141096,the+lord+of+the+rings+the+two+towers+2002,31"
1698423858318155972,"<no value>,<no value>,<no value>"
1698423858318149628,"76268,one+flew+over+the+cuckoos+nest+1975,72"
1698423858313745677,"125937,the+magnificent+yankee+1950,40"
1698423858313739821,"397990,love+and+other+troubles+2012,51"
1698423858313549639,"201597,pulp+fiction+1994,10"
1698423858313540906,"316194,one+flew+over+the+cuckoos+nest+1975,115"
1698423858309064561,"506431,the+poker+house+2008,5"
1698423858306165007,"22436,the+lord+of+the+rings+the+two+towers+2002,124"
1698423858304078428,"469462,seven+samurai+1954,146"
1698423858304026152,"370402,pulp+fiction+1994,88"
1698423858304008792,"385692,the+lord+of+the+rings+the+return+of+the+king+2003,33"
1698423858304001642,"461749,the+lord+of+the+rings+the+two+towers+2002,135"
1698423858303982646,"172997,the+lord+of+the+rings+the+return+of+the+king+2003,179"
1698423858303970552,"50232,pulp+fiction+1994,88"
1698423858303966492,"<no value>,<no value>,<no value>"
1698423858303961219,"209526,gone+girl+2014,71"
1698423858303766547,"19504,grease+1978,98"
1698423858303759527,"445023,whiplash+2014,93"
1698423858303753107,"190463,the+lord+of+the+rings+the+two+towers+2002,138"
1698423858300255274,"139744,seven+samurai+1954,179"
1698423858300242967,"72056,the+lord+of+the+rings+the+two+towers+2002,153"
1698423858300000942,"176498,the+lord+of+the+rings+the+return+of+the+king+2003,153"
1698423858295840056,"408880,the+lord+of+the+rings+the+return+of+the+king+2003,135"
1698423858295834356,"84341,the+lord+of+the+rings+the+two+towers+2002,157"
1698423858295660531,"157866,the+lord+of+the+rings+the+return+of+the+king+2003,196"
1698423858295649967,"248493,seven+samurai+1954,163"
1698423858290415352,"504318,the+lord+of+the+rings+the+return+of+the+king+2003,181"
1698423858284512761,"556292,my+neighbor+totoro+1988,67"
1698423858282918279,"26061,whiplash+2014,82"
1698423858282909679,"198693,goodfellas+1990,109"
1698423858282899036,"419680,the+lord+of+the+rings+the+two+towers+2002,94"
1698423858282891776,"345569,the+lord+of+the+rings+the+two+towers+2002,74"
1698423858282875296,"308175,pulp+fiction+1994,19"
1698423858282869509,"332298,together+2000,38"
1698423858282865119,"503718,the+lord+of+the+rings+the+two+towers+2002,17"
1698423858282857142,"138209,no+2012,45"
1698423858282691387,"47085,the+lord+of+the+rings+the+two+towers+2002,149"
1698423858282684403,"552838,ivan+vasilyevich+changes+his+profession+1973,66"
1698423858282678730,"185937,pulp+fiction+1994,48"
1698423858278205029,"303293,the+lord+of+the+rings+the+two+towers+2002,169"
1698423858277592797,"<no value>,<no value>,<no value>"
1698423858273655307,"209161,seven+samurai+1954,115"
1698423858272492204,"212230,the+philadelphia+story+1940,50"
1698423858271071174,"439657,pulp+fiction+1994,123"
1698423858267160626,"135369,one+flew+over+the+cuckoos+nest+1975,96"
1698423858267135190,"<no value>,<no value>,<no value>"
1698423858267105394,"138584,the+lord+of+the+rings+the+two+towers+2002,70"
1698423858267086321,"159613,one+flew+over+the+cuckoos+nest+1975,37"
1698423858267071241,"408777,terminator+2+judgment+day+1991,54"
1698423858267060804,"358277,whiplash+2014,69"
1698423858266248996,"315080,the+lord+of+the+rings+the+two+towers+2002,89"
1698423858266197993,"38322,humoresque+1946,113"
1698423858266187240,"404453,the+truth+2010,36"
1698423858266158257,"157782,the+lord+of+the+rings+the+two+towers+2002,70"
1698423858265671333,"3897,whiplash+2014,75"
1698423858265655863,"13783,the+lord+of+the+rings+the+return+of+the+king+2003,81"
1698423858265642723,"120024,my+neighbor+totoro+1988,65"
1698423858260769558,"3040,the+lord+of+the+rings+the+two+towers+2002,88"
1698423858260764472,"81474,interstellar+2014,158"
1698423858260656323,"173945,whiplash+2014,80"
1698423858257307241,"63452,les+misrables+1935,105"
1698423858257037070,"463465,unfaithfully+yours+1948,102"
1698423858253351611,"216093,the+lord+of+the+rings+the+two+towers+2002,175"
1698423858253095043,"291462,whiplash+2014,66"
1698423858250162583,"275689,edge+of+darkness+1943,89"
1698423858248696879,"94617,pulp+fiction+1994,123"
1698423858248687963,"346706,that+championship+season+1982,64"
1698423858248671596,"313604,the+lord+of+the+rings+the+return+of+the+king+2003,84"
1698423858248662496,"425951,interstellar+2014,8"
1698423858248658079,"261786,interstellar+2014,138"
1698423858248466584,"389493,the+lord+of+the+rings+the+return+of+the+king+2003,64"
1698423858248459537,"263044,hamlet+2+2008,20"
1698423858248452887,"479622,interstellar+2014,139"
1698423858247099153,"405043,my+neighbor+totoro+1988,24"
1698423858247094636,"295612,one+flew+over+the+cuckoos+nest+1975,61"
1698423858246505740,"317929,desperate+hours+1990,87"
1698423858246493430,"274947,the+lord+of+the+rings+the+return+of+the+king+2003,58"
1698423858246400694,"394929,seven+samurai+1954,200"
1698423858239842674,"419831,seven+samurai+1954,158"
1698423858239665298,"494636,triumph+of+the+will+1935,50"
1698423858239655845,"392542,the+lord+of+the+rings+the+two+towers+2002,136"
1698423858236513526,"5277,the+dark+knight+2008,112"
1698423858236044969,"346932,castle+in+the+sky+1986,71"
1698423858235992650,"371049,gone+girl+2014,40"
1698423858235932377,"44883,one+flew+over+the+cuckoos+nest+1975,125"
1698423858235906940,"557286,interstellar+2014,167"
1698423858235889930,"475843,wait+until+dark+1967,109"
1698423858235879374,"173966,the+lord+of+the+rings+the+return+of+the+king+2003,100"
1698423858235842641,"68368,harry+potter+and+the+chamber+of+secrets+2002,58"
1698423858235678435,"196650,vice+2008,43"
1698423858235574209,"526553,the+lord+of+the+rings+the+two+towers+2002,92"
1698423858235524703,"165538,the+day+the+earth+stood+still+1951,56"
1698423858235461380,"88938,the+lord+of+the+rings+the+two+towers+2002,112"
1698423858235442563,"226569,the+lord+of+the+rings+the+return+of+the+king+2003,67"
1698423858235434023,"384023,the+romantic+englishwoman+1975,36"
1698423858235412234,"12969,the+lord+of+the+rings+the+return+of+the+king+2003,113"
1698423858228186511,"301556,interstellar+2014,148"
1698423858220049398,"285787,the+princess+bride+1987,19"
1698423858219942286,"327770,constantine+2005,65"
1698423858216601835,"16122,adventures+of+arsene+lupin+2004,29"
1698423858216404887,"325062,pulp+fiction+1994,53"
1698423858216319343,"245798,one+flew+over+the+cuckoos+nest+1975,101"
1698423858216304840,"541011,the+dark+knight+rises+2012,138"
1698423858216289560,"318457,bolt+2008,12"
1698423858216276467,"138100,letters+from+iwo+jima+2006,68"
1698423858216249418,"267746,pulp+fiction+1994,33"
1698423858216239238,"212003,the+dark+knight+rises+2012,103"
1698423858216227761,"352640,the+lord+of+the+rings+the+return+of+the+king+2003,202"
1698423858216220691,"208313,whiplash+2014,18"
1698423858215849843,"542113,tycoon+2002,50"
1698423858215839043,"528936,pulp+fiction+1994,39"
1698423858215821277,"300958,howls+moving+castle+2004,16"
1698423858200802830,"304047,the+green+mile+1999,159"
1698423858197623347,"221208,i+manegen+med+glenn+killing+live+frn+berns+1995,111"
1698423858197420569,"390921,berlin+alexanderplatz+1980,857"
1698423858197413403,"40555,the+shawshank+redemption+1994,79"
1698423858192039178,"19880,skokie+1981,117"
1698423858187856723,"160751,the+lord+of+the+rings+the+two+towers+2002,144"
1698423858187846486,"143653,fight+club+1999,109"
1698423858187834561,"431581,monty+python+and+the+holy+grail+1975,40"
1698423858187828335,"183582,the+lord+of+the+rings+the+two+towers+2002,50"
1698423858187808544,"301751,hotel+de+love+1996,53"
1698423858187803561,"510629,the+lord+of+the+rings+the+two+towers+2002,70"
1698423858187799561,"691,interstellar+2014,155"
1698423858187795558,"536084,report+to+the+commissioner+1975,27"
1698423858187613677,"344890,oceans+eleven+2001,88"
1698423858187604928,"150916,the+lord+of+the+rings+the+two+towers+2002,175"
1698423858187598940,"482704,love+and+other+catastrophes+1996,41"
1698423858181615159,"146162,the+jungle+book+1967,61"
1698423858181602419,"380250,the+dark+knight+2008,150"
1698423858181344890,"485260,pulp+fiction+1994,139"
1698423858181331912,"484052,the+lord+of+the+rings+the+return+of+the+king+2003,64"
1698423858176652226,"459856,the+lord+of+the+rings+the+two+towers+2002,20"
1698423858171967744,"303556,interstellar+2014,90"
1698423858171816063,"373731,the+lord+of+the+rings+the+return+of+the+king+2003,74"
1698423858171810366,"218434,whiplash+2014,26"
1698423858168537914,"507279,the+lord+of+the+rings+the+return+of+the+king+2003,68"
1698423858168193196,"90771,oceans+eleven+2001,28"
1698423858164617270,"548667,one+flew+over+the+cuckoos+nest+1975,35"
1698423858164608263,"502201,the+lord+of+the+rings+the+two+towers+2002,17"
1698423858164242862,"326744,pulp+fiction+1994,80"
1698423858163359672,"424605,whiplash+2014,73"
1698423858163344958,"385303,the+lord+of+the+rings+the+two+towers+2002,106"
1698423858162922484,"207252,the+dark+knight+rises+2012,67"
1698423858162906688,"104248,pulp+fiction+1994,125"
1698423858162892495,"428809,seven+samurai+1954,79"
1698423858159314048,"<no value>,<no value>,<no value>"
1698423858159307781,"73280,the+dark+knight+2008,99"
1698423858159302238,"272299,pulp+fiction+1994,72"
1698423858159120912,"549137,interstellar+2014,163"
1698423858159114942,"17795,the+lord+of+the+rings+the+two+towers+2002,51"
1698423858155586590,"107703,the+lord+of+the+rings+the+two+towers+2002,29"
1698423858155577190,"442846,pulp+fiction+1994,75"
1698423858151802011,"82199,3+klter+2006,38"
1698423858151782658,"112106,the+lord+of+the+rings+the+return+of+the+king+2003,68"
1698423858151771065,"329141,the+lord+of+the+rings+the+two+towers+2002,104"
1698423858151532810,"441477,the+lord+of+the+rings+the+return+of+the+king+2003,132"
1698423858151510280,"478284,interstellar+2014,45"
1698423858139321430,"392375,battlestar+galactica+the+plan+2009,54"
1698423858134435916,"443536,bolero+1984,47"
1698423858132670945,"468785,the+lord+of+the+rings+the+two+towers+2002,107"
1698423858132259784,"119986,see+no+evil+1971,57"
1698423858129568162,"25458,one+flew+over+the+cuckoos+nest+1975,92"
1698423858127002592,"178643,the+lord+of+the+rings+the+two+towers+2002,113"
1698423858126978289,"321375,whiplash+2014,20"
1698423858126963982,"23779,constantine+2005,23"
1698423858126925516,"244598,the+godfather+1972,32"
1698423858126752221,"139712,the+iron+ladies+2000,3"
1698423858126745357,"184829,the+lord+of+the+rings+the+two+towers+2002,10"
1698423858126738277,"297388,whiplash+2014,64"
1698423858121510659,"355864,kill+for+me+2013,33"
1698423858121489532,"83069,monty+python+and+the+holy+grail+1975,66"
1698423858121483616,"363224,my+life+without+me+2003,42"
1698423858121475699,"134730,pulp+fiction+1994,58"
1698423858121272073,"325932,my+neighbor+totoro+1988,61"
1698423858121264653,"493032,the+lord+of+the+rings+the+return+of+the+king+2003,14"
1698423858121257793,"342394,interstellar+2014,64"
1698423858116707671,"558101,one+flew+over+the+cuckoos+nest+1975,91"
1698423858116294163,"46742,the+little+drummer+boy+1968,9"
1698423858108577497,"468691,the+lord+of+the+rings+the+two+towers+2002,31"
1698423858108569551,"376118,heaven+can+wait+1943,37"
1698423858108309943,"260056,new+waterford+girl+1999,7"
1698423858108291686,"398036,the+lord+of+the+rings+the+return+of+the+king+2003,85"
1698423858108276833,"247270,black+girl+1966,50"
1698423858105916682,"227980,whiplash+2014,39"
1698423858105819909,"473966,blondie+knows+best+1946,24"
1698423858105787346,"85931,no+one+lives+2013,32"
1698423858105745286,"332832,the+lord+of+the+rings+the+return+of+the+king+2003,155"
1698423858105706483,"302559,the+maid+2009,114"
1698423858105665280,"522596,one+flew+over+the+cuckoos+nest+1975,39"
1698423858105579081,"29134,the+black+cauldron+1985,24"
1698423858105529738,"25719,mean+streets+1973,74"
1698423858105454688,"159457,enter+the+void+2009,153"
1698423858105423122,"522236,ratatouille+2007,21"
1698423858105386492,"140520,mannequin+1987,40"
1698423858105331996,"196315,interstellar+2014,58"
1698423858105321563,"551602,the+lord+of+the+rings+the+two+towers+2002,167"
1698423858105244323,"24522,the+lord+of+the+rings+the+two+towers+2002,60"
1698423858105235176,"474928,one+flew+over+the+cuckoos+nest+1975,102"
1698423858105224780,"95682,the+lord+of+the+rings+the+two+towers+2002,58"
1698423858105217797,"368761,the+lord+of+the+rings+the+two+towers+2002,178"
1698423858105198774,"366093,one+flew+over+the+cuckoos+nest+1975,39"
1698423858105193154,"490356,interstellar+2014,130"
1698423858105188460,"173181,one+flew+over+the+cuckoos+nest+1975,74"
1698423858105183510,"57436,pulp+fiction+1994,32"
1698423858104477158,"5564,the+lord+of+the+rings+the+two+towers+2002,68"
1698423858104464132,"161304,ponyo+2008,6"
1698423858104453335,"460742,redemption+for+robbing+the+dead+2011,4"
1698423858099338606,"106348,pulp+fiction+1994,22"
1698423858098949478,"467096,pulp+fiction+1994,35"
1698423858082057470,"396682,the+edge+of+love+2008,0"
1698423858082048164,"301905,one+flew+over+the+cuckoos+nest+1975,10"
1698423858081673880,"477479,the+lord+of+the+rings+the+two+towers+2002,0"
1698423858075991807,"536,interstellar+2014,11"
1698423858075981143,"346397,the+lord+of+the+rings+the+two+towers+2002,68"
1698423858067886564,"346214,life+is+all+you+get+1997,21"
1698423858067874644,"206686,the+hobbit+the+battle+of+the+five+armies+2014,41"
1698423858067864838,"261299,one+flew+over+the+cuckoos+nest+1975,38"
1698423858067270415,"267533,the+lord+of+the+rings+the+two+towers+2002,25"
1698423858067256395,"533107,the+lord+of+the+rings+the+return+of+the+king+2003,178"
1698423858057841697,"502741,ayn+rand+a+sense+of+life+1998,2"
1698423858054116895,"76067,gladiator+2000,42"
1698423858054107816,"212314,the+lord+of+the+rings+the+return+of+the+king+2003,6"
1698423858053825297,"254738,one+flew+over+the+cuckoos+nest+1975,9"
1698423858053812794,"438801,that+touch+of+mink+1962,2"
1698423858040844863,"118868,whiplash+2014,1"
1698423858040821747,"517287,inglourious+basterds+2009,5"
1698423858040808530,"548525,the+lord+of+the+rings+the+return+of+the+king+2003,201"
1698423858040736547,"87942,seven+samurai+1954,42"
1698423858040727456,"456090,dementia+1955,12"
1698423858036067210,"30730,le+party+1990,6"
1698423858036059887,"410055,the+great+debaters+2007,34"
1698423858035910456,"164247,the+lord+of+the+rings+the+two+towers+2002,104"
1698423858035898026,"116260,whiplash+2014,6"
1698423858032731834,"382935,the+lord+of+the+rings+the+two+towers+2002,33"
1698423858032726468,"164348,the+lord+of+the+rings+the+two+towers+2002,90"
1698423858032549742,"338930,the+outlaw+josey+wales+1976,6"
1698423858032535149,"360654,inception+2010,25"
1698423858030742791,"66296,a+taxing+woman+1987,29"
1698423858026726950,"100891,cloudy+with+a+chance+of+meatballs+2+2013,60"
1698423858026721983,"122098,whiplash+2014,8"
1698423858026649013,"240220,whiplash+2014,50"
1698423858025301934,"122812,hercules+1997,19"
1698423858025217390,"142924,interstellar+2014,7"
1698423858025212420,"343563,bambi+1942,12"
1698423858025080248,"86086,star+wars+1977,13"
1698423858025075041,"45493,louis+theroux+twilight+of+the+porn+stars+2012,17"
1698423858020506626,"44592,high+plains+drifter+1973,24"
1698423858020428609,"169247,the+lord+of+the+rings+the+two+towers+2002,40"
1698423858016697479,"50114,the+lord+of+the+rings+the+fellowship+of+the+ring+2001,13"
1698423858016621972,"441065,pulp+fiction+1994,33"
1698423858016514133,"407601,one+flew+over+the+cuckoos+nest+1975,36"
1698423858016511952,"339209,the+lord+of+the+rings+the+two+towers+2002,35"
1698423858016497628,"275898,whale+rider+2003,9"
1698423858016492082,"284348,the+lord+of+the+rings+the+two+towers+2002,17"
1698423858016488553,"155528,down+argentine+way+1940,6"
1698423858016480806,"73078,small+roads+2011,4"
1698423858016444199,"355577,one+flew+over+the+cuckoos+nest+1975,61"
1698423858016428379,"319563,interstellar+2014,151"
1698423858016419431,"181014,in+the+mood+for+love+2000,97"
1698423858016411796,"195430,the+lord+of+the+rings+the+two+towers+2002,117"
1698423858009911631,"378392,the+lord+of+the+rings+the+return+of+the+king+2003,7"
1698423858009906498,"404435,the+lord+of+the+rings+the+return+of+the+king+2003,3"
1698423858009614490,"491281,the+lord+of+the+rings+the+two+towers+2002,115"
1698423858009592440,"426816,that+man+from+rio+1964,1"
1698423858009475268,"558965,my+neighbor+totoro+1988,22"
1698423858009442055,"234215,one+flew+over+the+cuckoos+nest+1975,3"
1698423858009419248,"452514,whiplash+2014,93"
1698423858009393799,"225685,the+lord+of+the+rings+the+two+towers+2002,135"
1698423857456851392,"510641,the+lord+of+the+rings+the+return+of+the+king+2003,90"
1698423857456845009,"464601,the+great+debaters+2007,12"
1698423857456840325,"23084,the+dark+knight+2008,84"
1698423857456835562,"169368,the+lord+of+the+rings+the+return+of+the+king+2003,109"
1698423857456663313,"236997,a+tale+of+two+sisters+2003,62"
1698423857456650180,"325282,sex+and+death+101+2007,78"
1698423857456642348,"422227,the+godfather+1972,158"
1698423857454785497,"<no value>,<no value>,<no value>"
1698423857454774884,"94698,the+lord+of+the+rings+the+two+towers+2002,166"
1698423857454768192,"295766,beethovens+3rd+2000,24"
1698423857453129173,"32961,the+lord+of+the+rings+the+return+of+the+king+2003,69"
1698423857453076042,"43020,the+king+of+ping+pong+2008,78"
1698423857453023066,"<no value>,<no value>,<no value>"
1698423857451203806,"439984,the+lord+of+the+rings+the+return+of+the+king+2003,136"
1698423857451102874,"420987,the+lord+of+the+rings+the+two+towers+2002,15"
1698423857451098042,"372524,one+flew+over+the+cuckoos+nest+1975,11"
1698423857451082479,"551884,the+shawshank+redemption+1994,84"
1698423857451072655,"495953,pulp+fiction+1994,6"
1698423857451062351,"182358,the+dark+knight+2008,95"
1698423857451055604,"327339,real+genius+1985,14"
1698423857451050255,"463918,day+for+night+1973,79"
1698423857451046336,"<no value>,<no value>,<no value>"
1698423857451044457,"386130,the+lord+of+the+rings+the+two+towers+2002,144"
1698423857450981246,"<no value>,<no value>,<no value>"
1698423857450975128,"117397,the+curse+of+the+jade+scorpion+2001,53"
1698423857450969709,"221054,one+flew+over+the+cuckoos+nest+1975,80"
1698423857448834559,"27847,raging+phoenix+2009,22"
1698423857448830732,"95059,christmas+in+august+1998,23"
1698423857448827820,"76855,orpheus+1950,80"
1698423857448822786,"509557,interstellar+2014,122"
1698423857448721482,"132590,the+fifth+element+1997,13"
1698423857448717655,"177867,whiplash+2014,75"
1698423857448714569,"156959,ratatouille+2007,53"
1698423857448483721,"445012,seven+samurai+1954,163"
1698423857448477927,"526716,the+lord+of+the+rings+the+two+towers+2002,140"
1698423857448467880,"90441,castle+in+the+sky+1986,113"
1698423857448464522,"563496,the+lord+of+the+rings+the+return+of+the+king+2003,62"
1698423857448460914,"29192,one+flew+over+the+cuckoos+nest+1975,6"
1698423857448238468,"538549,the+lord+of+the+rings+the+two+towers+2002,58"
1698423857448187356,"172950,the+lord+of+the+rings+the+return+of+the+king+2003,200"
1698423857448102920,"317018,about+time+2013,87"
1698423857447963392,"547531,the+lord+of+the+rings+the+two+towers+2002,59"
1698423857447870396,"320970,pulp+fiction+1994,83"
1698423857447725703,"524853,pulp+fiction+1994,59"
1698423857447657854,"553622,whiplash+2014,69"
1698423857447621773,"469182,the+lord+of+the+rings+the+two+towers+2002,160"
1698423857447581005,"99143,the+brave+little+toaster+goes+to+mars+1998,13"
1698423857447542299,"8828,no+direction+home+bob+dylan+2005,74"
1698423857447498817,"439093,return+from+witch+mountain+1978,81"
1698423857447429583,"234376,harry+potter+and+the+deathly+hallows+part+2+2011,66"
1698423857447343771,"101696,mission+impossible+iii+2006,127"
1698423857447333510,"341605,the+lord+of+the+rings+the+two+towers+2002,155"
1698423857447293497,"128278,the+lord+of+the+rings+the+two+towers+2002,72"
1698423857447280649,"410399,interstellar+2014,40"
1698423857447262628,"320952,caf+de+flore+2011,120"
1698423857447246377,"133670,the+lord+of+the+rings+the+two+towers+2002,43"
1698423857447223661,"411248,one+flew+over+the+cuckoos+nest+1975,62"
1698423857447216297,"203441,the+lord+of+the+rings+the+two+towers+2002,11"
1698423857447208533,"176784,the+man+from+nowhere+2010,74"
1698423857447200355,"562683,the+lord+of+the+rings+the+two+towers+2002,95"
1698423857447043016,"29985,the+lord+of+the+rings+the+return+of+the+king+2003,76"
1698423857447037801,"270603,quatermass+and+the+pit+1967,71"
1698423857447033600,"437323,pulp+fiction+1994,57"
1698423857446242573,"25408,the+lord+of+the+rings+the+return+of+the+king+2003,89"
1698423857445920651,"122735,pulp+fiction+1994,152"
1698423857445914523,"360619,one+flew+over+the+cuckoos+nest+1975,133"
1698423857445907678,"373212,valdez+is+coming+1971,37"
1698423857445899569,"329464,castle+in+the+sky+1986,33"
1698423857445893643,"165505,centennial+1978,478"
1698423857445889080,"307415,the+lord+of+the+rings+the+two+towers+2002,144"
1698423857445568209,"254980,seven+samurai+1954,78"
1698423857445534324,"552058,the+lord+of+the+rings+the+two+towers+2002,16"
1698423857445508558,"334904,girlfight+2000,9"
1698423857445490144,"164721,a+moment+to+remember+2004,77"
1698423857445478064,"200279,one+flew+over+the+cuckoos+nest+1975,8"
1698423857445125353,"123880,the+lord+of+the+rings+the+return+of+the+king+2003,139"
1698423857445117548,"496098,seven+samurai+1954,108"
1698423857445111944,"313911,the+lord+of+the+rings+the+return+of+the+king+2003,16"
1698423857445107154,"317087,paths+of+glory+1957,36"
1698423857444485842,"71512,one+flew+over+the+cuckoos+nest+1975,71"
1698423857444448936,"64354,the+shining+1980,75"
1698423857444444773,"152378,the+postman+always+rings+twice+1946,105"
1698423857444409088,"137680,interstellar+2014,165"
1698423857444392761,"189983,the+lord+of+the+rings+the+return+of+the+king+2003,55"
1698423857444385041,"422314,the+lord+of+the+rings+the+two+towers+2002,165"
1698423857444378981,"25484,the+lord+of+the+rings+the+return+of+the+king+2003,91"
1698423857444375045,"223116,eraserhead+1977,27"
1698423857444369495,"313929,casino+royale+2006,127"
1698423857444360365,"348060,seven+samurai+1954,38"
1698423857444352978,"473002,prick+up+your+ears+1987,11"
1698423857444345728,"112779,zozo+2005,88"
1698423857433470281,"243754,the+gay+divorcee+1934,97"
1698423857433443040,"178586,batman+begins+2005,127"
1698423857433424331,"412265,the+lord+of+the+rings+the+two+towers+2002,34"
1698423857433414626,"280332,the+lord+of+the+rings+the+two+towers+2002,79"
1698423857433389391,"489911,the+lord+of+the+rings+the+two+towers+2002,139"
1698423857433377869,"223352,the+lord+of+the+rings+the+return+of+the+king+2003,159"
1698423857433227112,"293390,siones+wedding+2006,45"
1698423857433216158,"385793,the+lord+of+the+rings+the+two+towers+2002,59"
1698423857433209530,"354858,the+lord+of+the+rings+the+two+towers+2002,79"
1698423857433202120,"174152,the+lord+of+the+rings+the+two+towers+2002,110"
1698423857433197537,"558113,whiplash+2014,78"
1698423857428011773,"376279,the+lord+of+the+rings+the+two+towers+2002,177"
1698423857427851189,"277102,the+lord+of+the+rings+the+two+towers+2002,109"
1698423857422436193,"490012,the+lord+of+the+rings+the+two+towers+2002,99"
1698423857422431791,"222557,battle+in+outer+space+1959,70"
1698423857422428309,"240787,interstellar+2014,124"
1698423857422287173,"94913,portrait+of+jennie+1948,5"
1698423857422282196,"97624,skokie+1981,121"
1698423857422277078,"496780,liebestraum+1991,40"
1698423857418035072,"482682,the+lord+of+the+rings+the+return+of+the+king+2003,31"
1698423857413631119,"428354,the+lord+of+the+rings+the+return+of+the+king+2003,144"
1698423857413617045,"449146,one+flew+over+the+cuckoos+nest+1975,130"
1698423857413527231,"<no value>,<no value>,<no value>"
1698423857413515859,"106783,the+fifth+element+1997,19"
1698423857409436379,"<no value>,<no value>,<no value>"
1698423857409380768,"382693,the+lord+of+the+rings+the+two+towers+2002,92"
1698423857409368482,"157549,interstellar+2014,48"
1698423857409357036,"186294,journey+to+the+center+of+the+earth+1959,50"
1698423857409348061,"348534,the+dark+knight+2008,122"
1698423857409325384,"63604,the+barretts+of+wimpole+street+1934,58"
1698423857409318351,"328289,heimat+a+chronicle+of+germany+1984,774"
1698423857409310787,"262026,the+lord+of+the+rings+the+return+of+the+king+2003,118"
1698423857409296317,"70492,the+lord+of+the+rings+the+two+towers+2002,100"
1698423857409108878,"541887,my+neighbor+totoro+1988,78"
1698423857409100229,"335134,murder+by+death+1976,71"
1698423857409090391,"73312,the+dark+knight+rises+2012,54"
1698423857397175273,"163249,3+days+to+kill+2014,98"
1698423857397131957,"539594,the+lord+of+the+rings+the+return+of+the+king+2003,71"
1698423857397119603,"517562,knd+frn+tv+2001,93"
1698423857397114881,"109166,the+lord+of+the+rings+the+two+towers+2002,68"
1698423857397101337,"<no value>,<no value>,<no value>"
1698423857397096950,"7853,the+avengers+2012,34"
1698423857397094005,"255058,terminator+2+judgment+day+1991,26"
1698423857397090597,"427917,the+lord+of+the+rings+the+return+of+the+king+2003,164"
1698423857396951509,"461233,pulp+fiction+1994,75"
1698423857396946227,"385088,the+lord+of+the+rings+the+two+towers+2002,160"
1698423857396940364,"415646,the+dark+knight+2008,116"
1698423857392747400,"87878,the+lord+of+the+rings+the+return+of+the+king+2003,97"
1698423857392741381,"50969,the+lord+of+the+rings+the+two+towers+2002,79"
1698423857392566948,"186496,the+lord+of+the+rings+the+return+of+the+king+2003,133"
1698423857392558675,"99064,the+lord+of+the+rings+the+return+of+the+king+2003,35"
1698423857384030314,"428221,biutiful+2010,79"
1698423857384017237,"387045,one+flew+over+the+cuckoos+nest+1975,96"
1698423857383997139,"216537,the+lord+of+the+rings+the+two+towers+2002,49"
1698423857383975754,"315047,upstream+1927,18"
1698423857383967232,"440707,the+lord+of+the+rings+the+two+towers+2002,115"
1698423857383958050,"90901,pulp+fiction+1994,128"
1698423857383914855,"268057,the+lord+of+the+rings+the+return+of+the+king+2003,88"
1698423857383857909,"346068,goal+the+dream+begins+2005,58"
1698423857383842037,"446644,the+happy+ending+1969,97"
1698423857383813736,"331098,the+lord+of+the+rings+the+two+towers+2002,158"
1698423857383796791,"213476,the+lord+of+the+rings+the+two+towers+2002,72"
1698423857383781172,"421889,the+lord+of+the+rings+the+fellowship+of+the+ring+2001,40"
1698423857383771006,"242341,pulp+fiction+1994,17"
1698423857378169033,"62529,pulp+fiction+1994,59"
1698423857378162879,"209995,the+age+of+innocence+1993,84"
1698423857378157081,"125270,the+dark+knight+rises+2012,136"
1698423857378024948,"120489,the+lord+of+the+rings+the+return+of+the+king+2003,81"
1698423857378017828,"298657,pulp+fiction+1994,132"
1698423857372670369,"512303,pulp+fiction+1994,9"
1698423857372448218,"215260,whiplash+2014,30"
1698423857363290749,"271819,88+minutes+2007,46"
1698423857363281819,"253975,whiplash+2014,77"
1698423857363275879,"7632,pulp+fiction+1994,127"
1698423857363270883,"80927,the+lord+of+the+rings+the+two+towers+2002,129"
1698423857363030640,"103855,woman+in+the+dunes+1964,129"
1698423857363011204,"235235,the+lord+of+the+rings+the+two+towers+2002,162"
1698423857362995811,"374971,the+best+of+youth+2003,297"
1698423857360500046,"545275,one+flew+over+the+cuckoos+nest+1975,57"
1698423857359175309,"415278,seven+samurai+1954,149"
1698423857359168889,"315313,the+lord+of+the+rings+the+two+towers+2002,56"
1698423857359162664,"252984,interstellar+2014,20"
1698423857359088861,"177394,two+night+stand+2014,28"
1698423857359081534,"<no value>,<no value>,<no value>"
1698423857359074839,"58699,the+lord+of+the+rings+the+two+towers+2002,42"
1698423857356113343,"211597,warrior+2011,3"
1698423857356103800,"78993,the+lord+of+the+rings+the+two+towers+2002,77"
1698423857356047767,"563674,oceans+eleven+2001,6"
1698423857356041557,"393652,the+lord+of+the+rings+the+return+of+the+king+2003,116"
1698423857356034719,"241093,the+dark+knight+2008,67"
1698423857336829337,"113367,whiplash+2014,52"
1698423857336821454,"454774,harry+potter+and+the+goblet+of+fire+2005,143"
1698423857336815353,"212667,whiplash+2014,97"
1698423857336807259,"338942,the+lord+of+the+rings+the+return+of+the+king+2003,65"
1698423857336802871,"47209,the+lord+of+the+rings+the+two+towers+2002,104"
1698423857336587462,"91762,the+godfather+1972,63"
1698423857336564674,"375543,the+lord+of+the+rings+the+two+towers+2002,56"
1698423857336556741,"228463,one+flew+over+the+cuckoos+nest+1975,66"
1698423857336549229,"533198,the+lord+of+the+rings+the+two+towers+2002,51"
1698423857333057176,"227385,the+lord+of+the+rings+the+two+towers+2002,172"
1698423857332919640,"352407,the+lord+of+the+rings+the+two+towers+2002,113"
1698423857332910267,"474413,the+adventures+of+tintin+2011,90"
1698423857328042740,"149294,interstellar+2014,31"
1698423857328031371,"211968,the+lord+of+the+rings+the+two+towers+2002,113"
1698423857324907453,"22247,the+lord+of+the+rings+the+return+of+the+king+2003,29"
1698423857324900063,"156549,the+lord+of+the+rings+the+return+of+the+king+2003,102"
1698423857324892277,"285456,lavoura+arcaica+2001,72"
1698423857323290274,"125339,gone+girl+2014,97"
1698423857323284261,"443398,the+lord+of+the+rings+the+two+towers+2002,54"
1698423857323003883,"104033,the+lord+of+the+rings+the+two+towers+2002,68"
1698423857314678408,"375105,the+dark+knight+2008,151"
1698423857314664811,"535816,the+civil+war+1990,586"
1698423857314658861,"44392,seven+samurai+1954,78"
1698423857314654951,"162182,the+lord+of+the+rings+the+two+towers+2002,119"
1698423857314629715,"541971,the+thrill+of+brazil+1946,64"
1698423857314622798,"<no value>,<no value>,<no value>"
1698423857314616348,"288551,the+avengers+2012,79"
1698423857311757984,"512878,the+lord+of+the+rings+the+two+towers+2002,169"
1698423857302684471,"172849,whiplash+2014,44"
1698423857302665681,"454622,the+lord+of+the+rings+the+two+towers+2002,145"
1698423857302653811,"206547,the+dark+knight+rises+2012,103"
1698423857302643611,"137653,one+flew+over+the+cuckoos+nest+1975,66"
1698423857302547316,"425205,drumline+2002,2"
1698423857302538336,"43604,the+dark+knight+2008,70"
1698423857302521572,"498857,the+lord+of+the+rings+the+two+towers+2002,158"
1698423857299409887,"540975,interstellar+2014,144"
1698423857299402227,"481131,the+lord+of+the+rings+the+return+of+the+king+2003,129"
1698423857299222054,"514867,one+flew+over+the+cuckoos+nest+1975,62"
1698423857299213682,"422535,2001+a+space+odyssey+1968,93"
1698423857291252853,"262241,the+lord+of+the+rings+the+return+of+the+king+2003,52"
1698423857291231627,"314352,seven+samurai+1954,183"
1698423857291211840,"207004,flirting+1991,29"
1698423857291200191,"421688,the+lord+of+the+rings+the+return+of+the+king+2003,6"
1698423857291094666,"337185,one+flew+over+the+cuckoos+nest+1975,51"
1698423857291086008,"446539,pulp+fiction+1994,54"
1698423857291079040,"<no value>,<no value>,<no value>"
1698423857286020561,"139370,bolt+2008,90"
1698423857284219947,"293747,the+lord+of+the+rings+the+return+of+the+king+2003,147"
1698423857284208823,"429864,whiplash+2014,100"
1698423857284141941,"200190,the+lord+of+the+rings+the+return+of+the+king+2003,159"
1698423857279506544,"395302,me+and+you+and+everyone+we+know+2005,17"
1698423857279499772,"183004,smileys+people+1982,247"
1698423857279491759,"312031,seven+samurai+1954,90"
1698423857279417079,"250943,the+lord+of+the+rings+the+two+towers+2002,175"
1698423857279406381,"<no value>,<no value>,<no value>"
1698423857279396515,"55989,pulp+fiction+1994,129"
1698423857279386618,"86792,the+dark+knight+2008,69"
1698423857272090347,"310581,the+lord+of+the+rings+the+two+towers+2002,155"
1698423857272069784,"204770,the+spanish+main+1945,11"
1698423857272058091,"65775,the+lord+of+the+rings+the+return+of+the+king+2003,115"
1698423857272042791,"467870,seven+samurai+1954,66"
1698423857271740760,"472564,the+blade+1995,95"
1698423857271729620,"225528,pulp+fiction+1994,117"
1698423857271717224,"137684,princess+mononoke+1997,30"
1698423857271707502,"274395,arsenic+and+old+lace+1944,108"
1698423857268529647,"257150,pulp+fiction+1994,120"
1698423857265733360,"463649,whiplash+2014,17"
1698423857265726784,"510218,the+lord+of+the+rings+the+return+of+the+king+2003,176"
1698423857265498627,"295809,2+or+3+things+i+know+about+her+1967,35"
1698423857253002380,"401440,lars+i+porten+1984,41"
1698423857252988560,"<no value>,<no value>,<no value>"
1698423857252976794,"363474,dead+end+1937,81"
1698423857252965824,"432238,the+lord+of+the+rings+the+return+of+the+king+2003,179"
1698423857252920478,"513709,the+lord+of+the+rings+the+return+of+the+king+2003,85"
1698423857252894715,"40487,whiplash+2014,84"
1698423857252878245,"433483,redline+2009,59"
1698423857252865995,"19772,pulp+fiction+1994,120"
1698423857252854985,"328708,brother+1997,26"
1698423857245832244,"349275,aladdin+1992,17"
1698423857245816294,"429617,ratatouille+2007,35"
1698423857245804794,"158864,the+lord+of+the+rings+the+return+of+the+king+2003,80"
1698423857245720956,"331395,the+lord+of+the+rings+the+return+of+the+king+2003,148"
1698423857245714832,"24742,the+lord+of+the+rings+the+return+of+the+king+2003,182"
1698423857234793151,"199876,the+lord+of+the+rings+the+return+of+the+king+2003,84"
1698423857226750810,"390775,pulp+fiction+1994,46"
1698423857226744704,"131533,pulp+fiction+1994,36"
1698423857226740327,"345113,heartbreak+ridge+1986,4"
1698423857226736237,"406933,stand+by+me+1986,50"
1698423857226606857,"239079,the+lord+of+the+rings+the+return+of+the+king+2003,165"
1698423857226602195,"334436,the+lord+of+the+rings+the+return+of+the+king+2003,136"
1698423857226597373,"204590,pulp+fiction+1994,145"
1698423857222865198,"64386,one+flew+over+the+cuckoos+nest+1975,61"
1698423857222857882,"417425,persona+1966,31"
1698423857222847474,"500370,iron+island+2005,67"
1698423857222841733,"163733,raiders+of+the+lost+ark+1981,108"
1698423857222836378,"186433,the+lord+of+the+rings+the+return+of+the+king+2003,188"
1698423857222831076,"101109,the+friends+of+eddie+coyle+1973,57"
1698423857219756088,"230838,my+neighbor+totoro+1988,82"
1698423857219742408,"455782,the+lord+of+the+rings+the+two+towers+2002,179"
1698423857219731141,"219520,bad+education+2004,52"
1698423857219723605,"369886,estmago+a+gastronomic+story+2007,114"
1698423857219716741,"244576,the+lord+of+the+rings+the+two+towers+2002,102"
1698423857215096128,"527610,the+beguiled+1971,55"
1698423857213679187,"317258,bennys+video+1993,97"
1698423857210137754,"215705,the+dark+knight+rises+2012,143"
1698423857208075068,"251471,the+lord+of+the+rings+the+two+towers+2002,177"
1698423857207018792,"426199,whiplash+2014,64"
1698423857207006252,"420806,one+flew+over+the+cuckoos+nest+1975,24"
1698423857206984509,"37426,the+lord+of+the+rings+the+return+of+the+king+2003,92"
1698423857206775217,"75306,the+lord+of+the+rings+the+return+of+the+king+2003,89"
1698423857206767140,"474769,say+it+isnt+so+2001,90"
1698423857206760880,"430194,the+lord+of+the+rings+the+two+towers+2002,120"
1698423857199688880,"450251,the+police+serve+the+citizens+1973,75"
1698423857199673143,"112461,the+lord+of+the+rings+the+two+towers+2002,97"
1698423857199650050,"229526,the+dark+knight+2008,142"
1698423857199644854,"163153,castle+in+the+sky+1986,105"
1698423857199638124,"123440,interstellar+2014,149"
1698423857199633947,"116716,my+neighbor+totoro+1988,31"
1698423857199455632,"264985,seven+samurai+1954,63"
1698423857199448629,"326471,seven+samurai+1954,134"
1698423857199442219,"513951,the+lord+of+the+rings+the+return+of+the+king+2003,159"
1698423857193461501,"518099,the+lord+of+the+rings+the+two+towers+2002,105"
1698423857193374061,"526201,watching+the+detectives+2007,87"
1698423857190066891,"198642,pulp+fiction+1994,123"
1698423857188087411,"229987,whiplash+2014,76"
1698423857187910119,"476613,a+chinese+ghost+story+ii+1990,61"
1698423857187675587,"504679,seven+samurai+1954,106"
1698423857187646443,"449485,pulp+fiction+1994,97"
1698423857187537788,"26604,the+dark+knight+rises+2012,13"
1698423857187523698,"<no value>,<no value>,<no value>"
1698423857187508464,"67106,the+intruder+1999,18"
1698423857187495151,"<no value>,<no value>,<no value>"
1698423857187456262,"198955,tamara+drewe+2010,57"
1698423857187448302,"416886,the+lord+of+the+rings+the+return+of+the+king+2003,157"
1698423857187442489,"462864,the+lord+of+the+rings+the+two+towers+2002,17"
1698423857187430725,"160281,pulp+fiction+1994,59"
1698423857187218536,"531336,telefon+1977,39"
1698423857187211270,"253593,the+witch+who+came+from+the+sea+1976,81"
1698423857187202383,"323045,pulp+fiction+1994,66"
1698423857181383315,"377837,one+flew+over+the+cuckoos+nest+1975,99"
1698423857181374569,"446775,whiplash+2014,69"
1698423857181097361,"231894,the+lord+of+the+rings+the+two+towers+2002,73"
1698423857181079001,"302981,the+dark+knight+rises+2012,104"
1698423857171642073,"504762,interstellar+2014,61"
1698423857171420411,"18233,the+lord+of+the+rings+the+two+towers+2002,7"
1698423857171411758,"176502,whiplash+2014,86"
1698423857169826339,"<no value>,<no value>,<no value>"
1698423857169817272,"497140,the+lord+of+the+rings+the+two+towers+2002,95"
1698423857169809006,"477294,terri+2011,15"
1698423857169590413,"366695,dead+ringers+1988,35"
1698423857169581737,"71845,one+flew+over+the+cuckoos+nest+1975,75"
1698423857163558685,"263205,in+america+2003,72"
1698423857163547868,"7132,the+lord+of+the+rings+the+two+towers+2002,40"
1698423857163536666,"78735,how+to+train+your+dragon+2010,64"
1698423857163529796,"436559,an+evening+with+kevin+smith+2002,45"
1698423857163524040,"514665,princess+mononoke+1997,23"
1698423857163523373,"555671,the+lord+of+the+rings+the+two+towers+2002,54"
1698423857163516388,"255746,the+king+is+dancing+2000,16"
1698423857163507290,"191569,the+lord+of+the+rings+the+two+towers+2002,88"
1698423857163460021,"36458,the+wave+2008,41"
1698423857163447291,"520467,small+faces+1996,30"
1698423857163437621,"486888,aloft+2014,84"
1698423857163429381,"278636,titanic+1997,18"
1698423857161423854,"<no value>,<no value>,<no value>"
1698423857156860337,"545487,the+lord+of+the+rings+the+two+towers+2002,73"
1698423857156377678,"36026,inland+empire+2006,84"
1698423857154202919,"172611,one+flew+over+the+cuckoos+nest+1975,8"
1698423857154194165,"58414,the+shawshank+redemption+1994,105"
1698423857154187329,"45070,one+flew+over+the+cuckoos+nest+1975,61"
1698423857154170435,"274886,entre+nos+2009,67"
1698423857154151202,"427319,inception+2010,25"
1698423857153962391,"87473,whiplash+2014,31"
1698423857153863237,"526695,star+wars+1977,63"
1698423857153858305,"131758,the+lord+of+the+rings+the+return+of+the+king+2003,22"
1698423857153853500,"507807,the+lord+of+the+rings+the+two+towers+2002,161"
1698423857149585523,"3723,the+lord+of+the+rings+the+two+towers+2002,118"
1698423857149571270,"551480,the+lord+of+the+rings+the+return+of+the+king+2003,72"
1698423857149559783,"386881,the+lord+of+the+rings+the+two+towers+2002,156"
1698423857146557409,"147577,the+lord+of+the+rings+the+return+of+the+king+2003,81"
1698423857146022329,"410253,seven+samurai+1954,204"
1698423857146016504,"239172,one+flew+over+the+cuckoos+nest+1975,39"
1698423857138838161,"273234,casino+royale+2006,13"
1698423857135325910,"270932,the+frighteners+1996,3"
1698423857135315351,"264301,pulp+fiction+1994,133"
1698423857135061849,"168748,the+lord+of+the+rings+the+two+towers+2002,54"
1698423857134832038,"550779,king+of+katoren+2012,54"
1698423857134826468,"338275,the+lord+of+the+rings+the+two+towers+2002,18"
1698423857134822254,"25455,heimat+a+chronicle+of+germany+1984,657"
1698423857134817291,"537575,the+lord+of+the+rings+the+return+of+the+king+2003,37"
1698423857134627379,"268210,pulp+fiction+1994,40"
1698423857134619862,"81677,the+lord+of+the+rings+the+two+towers+2002,146"
1698423857134611389,"11537,the+lord+of+the+rings+the+return+of+the+king+2003,25"
1698423857127464302,"38356,lourdes+2009,46"
1698423857127449582,"488994,m+1931,41"
1698423857127320673,"251293,the+lord+of+the+rings+the+return+of+the+king+2003,28"
1698423857126982749,"303069,the+lord+of+the+rings+the+return+of+the+king+2003,93"
1698423857126966889,"370805,too+hot+to+handle+1938,6"
1698423857117480112,"67016,the+killing+jar+2010,87"
1698423857110833436,"453615,interstellar+2014,69"
1698423857108064871,"525413,se7en+1995,38"
1698423857107741510,"190808,pulp+fiction+1994,140"
1698423857107729993,"99410,the+lord+of+the+rings+the+two+towers+2002,11"
1698423857107718403,"509232,akira+1988,15"
1698423857103844734,"539950,the+lord+of+the+rings+the+two+towers+2002,15"
1698423857103654743,"399925,male+and+female+1919,15"
1698423857103636890,"63820,megamind+2010,15"
1698423857103627433,"230899,pulp+fiction+1994,17"
1698423857102289554,"335783,i+woke+up+early+the+day+i+died+1998,47"
1698423857102276780,"458257,cyrano+de+bergerac+1950,4"
1698423857102265760,"369620,the+fox+1967,7"
1698423857102018966,"282793,lady+and+the+tramp+ii+scamps+adventure+2001,55"
1698423857101927439,"105616,the+lord+of+the+rings+the+return+of+the+king+2003,5"
1698423857101914934,"350301,the+lord+of+the+rings+the+two+towers+2002,5"
1698423857094408716,"51221,the+rookie+2002,1"
1698423857092591321,"139579,the+beast+1975,1"
1698423857092578514,"292912,blutzbrdaz+2011,0"
1698423857092569139,"209045,blade+runner+1982,2"
1698423857092333973,"8901,one+flew+over+the+cuckoos+nest+1975,0"
1698423857092314795,"284578,my+sassy+girl+2008,16"
1698423857089770932,"523007,pulp+fiction+1994,55"
1698423857089756257,"525780,the+lord+of+the+rings+the+return+of+the+king+2003,20"
1698423857089499844,"346986,the+lord+of+the+rings+the+return+of+the+king+2003,200"
1698423857089485969,"528289,interstellar+2014,99"
1698423857080939324,"82995,my+neighbor+totoro+1988,29"
1698423857080812004,"193179,dances+with+wolves+1990,6"
1698423857074747907,"127555,the+lord+of+the+rings+the+two+towers+2002,31"
1698423857074585293,"332261,pulp+fiction+1994,139"
1698423857074578483,"545859,minority+report+2002,39"
1698423857064283634,"254288,the+lord+of+the+rings+the+two+towers+2002,60"
1698423857051989074,"557562,witness+1985,31"
1698423857051982213,"555224,the+lord+of+the+rings+the+two+towers+2002,51"
1698423857051353166,"195625,sling+blade+1996,29"
1698423857047389188,"18250,the+lord+of+the+rings+the+two+towers+2002,180"
1698423857047377416,"186351,the+lives+of+others+2006,125"
1698423857047368183,"279177,interstellar+2014,27"
1698423857046783854,"117325,vagabond+1985,5"
1698423857046765721,"429348,the+lord+of+the+rings+the+return+of+the+king+2003,74"
1698423857034757347,"88858,the+lord+of+the+rings+the+two+towers+2002,7"
1698423857034748677,"441297,spirited+away+2001,39"
1698423857034728992,"396742,whiplash+2014,26"
1698423857034724265,"66380,under+the+stars+2007,70"
1698423857034721070,"484236,pulp+fiction+1994,40"
1698423857034717495,"318086,the+lord+of+the+rings+the+two+towers+2002,133"
1698423857034549634,"322303,the+lord+of+the+rings+the+return+of+the+king+2003,17"
1698423857034544024,"558632,the+changeling+1980,14"
1698423857034539034,"497476,whiplash+2014,38"
1698423857030717224,"410850,switching+channels+1988,35"
1698423857030658003,"502568,cure+1997,38"
1698423857026362423,"126141,the+lord+of+the+rings+the+two+towers+2002,84"
1698423857026322074,"498414,one+flew+over+the+cuckoos+nest+1975,56"
1698423857026270582,"352960,the+lord+of+the+rings+the+return+of+the+king+2003,166"
1698423857026261248,"472342,memories+of+underdevelopment+1968,10"
1698423857024159432,"483882,the+lord+of+the+rings+the+return+of+the+king+2003,181"
1698423857024053126,"438341,the+lord+of+the+rings+the+return+of+the+king+2003,8"
1698423857020377027,"322239,jonestown+the+life+and+death+of+peoples+temple+2006,15"
1698423857020360680,"374752,ponyo+2008,8"
1698423857020328654,"560476,interstellar+2014,23"
1698423857020321310,"426155,the+lord+of+the+rings+the+two+towers+2002,28"
1698423857020317298,"501173,broken+blossoms+1919,18"
1698423857020312820,"464862,billy+roses+jumbo+1962,7"
1698423857020203794,"552115,tangled+2010,9"
1698423857020195627,"146579,seven+samurai+1954,99"
1698423857020191843,"175485,the+lord+of+the+rings+the+return+of+the+king+2003,185"
1698423857018049395,"130617,casino+royale+2006,6"
1698423857017978402,"415919,my+neighbor+totoro+1988,61"
1698423857016263604,"290341,deadly+surveillance+1991,23"
1698423857015966140,"17031,interstellar+2014,67"
1698423857015531106,"331828,the+lord+of+the+rings+the+return+of+the+king+2003,3"
1698423857010906973,"151981,the+lord+of+the+rings+the+two+towers+2002,173"
1698423857010787157,"218766,the+front+2010,2"
1698423856556603064,"378375,interstellar+2014,30"
1698423856556460337,"541465,men+in+black+ii+2002,18"
1698423856556455065,"551868,despicable+me+2+2013,27"
1698423856553806954,"414176,making+the+boys+2011,21"
1698423856553634312,"155552,the+lord+of+the+rings+the+return+of+the+king+2003,167"
1698423856553624889,"98751,seven+samurai+1954,93"
1698423856544031802,"320861,my+first+war+2008,20"
1698423856544016554,"442315,the+lord+of+the+rings+the+return+of+the+king+2003,173"
1698423856542433547,"550359,12+years+a+slave+2013,41"
1698423856542102060,"470008,the+house+i+live+in+2012,44"
1698423856540135945,"526235,one+flew+over+the+cuckoos+nest+1975,69"
1698423856540127188,"12756,the+boy+in+the+striped+pyjamas+2008,47"
1698423856540118179,"561012,whiplash+2014,30"
1698423856539747370,"473233,whiplash+2014,90"
1698423856528486325,"287654,the+lord+of+the+rings+the+return+of+the+king+2003,28"
1698423856528480382,"<no value>,<no value>,<no value>"
1698423856528295863,"354584,talk+to+me+2007,85"
1698423856528286881,"286348,whiplash+2014,43"
1698423856528278823,"296753,pulp+fiction+1994,106"
1698423856525905336,"554652,undercurrent+1946,98"
1698423856525600216,"247810,galaxy+quest+1999,32"
1698423856517058480,"496352,fritz+the+cat+1972,35"
1698423856515247495,"38672,the+lord+of+the+rings+the+return+of+the+king+2003,115"
1698423856515228798,"321901,the+lord+of+the+rings+the+two+towers+2002,26"
1698423856515213258,"107063,pulp+fiction+1994,98"
1698423856515203970,"411101,whiplash+2014,52"
1698423856515193516,"93602,interstellar+2014,131"
1698423856514601980,"255158,captive+1998,75"
1698423856514587837,"184515,interstellar+2014,18"
1698423856514564437,"35766,the+lord+of+the+rings+the+return+of+the+king+2003,32"
1698423856514543983,"132170,the+lord+of+the+rings+the+two+towers+2002,86"
1698423856514534526,"499868,dawn+of+the+planet+of+the+apes+2014,60"
1698423856514526060,"204652,one+flew+over+the+cuckoos+nest+1975,76"
1698423856510966846,"542564,the+lord+of+the+rings+the+return+of+the+king+2003,182"
1698423856510958690,"318092,the+lord+of+the+rings+the+two+towers+2002,144"
1698423856510951166,"16,the+lord+of+the+rings+the+return+of+the+king+2003,173"
1698423856510808794,"146616,the+lord+of+the+rings+the+two+towers+2002,140"
1698423856510791188,"541414,the+lord+of+the+rings+the+two+towers+2002,92"
1698423856510781891,"46373,one+flew+over+the+cuckoos+nest+1975,120"
1698423856500737451,"24874,sleeping+beauty+1959,59"
1698423856500709689,"468160,whiplash+2014,20"
1698423856500702323,"180775,the+lord+of+the+rings+the+return+of+the+king+2003,117"
1698423856500691915,"310952,one+flew+over+the+cuckoos+nest+1975,63"
1698423856500685695,"489009,interstellar+2014,158"
1698423856500502862,"193733,pulp+fiction+1994,111"
1698423856500494176,"<no value>,<no value>,<no value>"
1698423856500486522,"222666,goodfellas+1990,79"
1698423856498066392,"255918,an+enemy+of+the+people+1990,60"
1698423856498058941,"277984,the+lord+of+the+rings+the+two+towers+2002,87"
1698423856498053367,"424788,the+departed+2006,55"
1698423856497853085,"327715,the+shining+1980,37"
1698423856497844102,"138485,the+lord+of+the+rings+the+return+of+the+king+2003,116"
1698423856497836176,"238169,rare+exports+a+christmas+tale+2010,60"
1698423856496026734,"98267,the+lord+of+the+rings+the+return+of+the+king+2003,126"
1698423856496003632,"465676,edge+of+tomorrow+2014,78"
1698423856495973255,"286772,the+lord+of+the+rings+the+two+towers+2002,166"
1698423856495965338,"521852,fight+club+1999,41"
1698423856495959501,"112795,the+lord+of+the+rings+the+two+towers+2002,150"
1698423856495952741,"417126,knute+rockne+all+american+1940,89"
1698423856495737528,"267729,the+wolf+of+wall+street+2013,25"
1698423856495726762,"125092,passion+fish+1992,48"
1698423856495718176,"420553,pulp+fiction+1994,23"
1698423856490662995,"131672,seven+samurai+1954,113"
1698423856490426953,"128516,one+flew+over+the+cuckoos+nest+1975,81"
1698423856487114509,"512888,the+lord+of+the+rings+the+two+towers+2002,93"
1698423856487007912,"7411,the+lord+of+the+rings+the+return+of+the+king+2003,117"
1698423856485086315,"353014,the+dark+knight+2008,91"
1698423856485080073,"440004,the+lord+of+the+rings+the+return+of+the+king+2003,187"
1698423856484918514,"229004,pulp+fiction+1994,95"
1698423856484912836,"454873,dial+m+for+murder+1954,23"
1698423856483444162,"437065,two+for+the+road+1967,22"
1698423856483434348,"182683,the+lord+of+the+rings+the+two+towers+2002,126"
1698423856482906723,"221977,whiplash+2014,71"
1698423856482899424,"466532,the+road+to+guantanamo+2006,79"
1698423856482893647,"338761,one+flew+over+the+cuckoos+nest+1975,93"
1698423856481468542,"512264,the+dark+knight+rises+2012,51"
1698423856481462597,"264333,pulp+fiction+1994,110"
1698423856481457177,"252759,the+green+mile+1999,171"
1698423856481235900,"32765,wheels+on+meals+1984,15"
1698423856481203095,"439263,the+avengers+2012,79"
1698423856476618837,"164529,the+lord+of+the+rings+the+return+of+the+king+2003,136"
1698423856470013961,"385056,a+bugs+life+1998,86"
1698423856469999888,"47949,the+lord+of+the+rings+the+return+of+the+king+2003,69"
1698423856469715246,"18077,the+lord+of+the+rings+the+return+of+the+king+2003,182"
1698423856469701406,"294843,the+shepherd+1999,31"
1698423856422241677,"48197,interstellar+2014,112"
1698423856422209007,"236472,the+lord+of+the+rings+the+two+towers+2002,80"
1698423856422200158,"106892,jude+the+obscure+1971,56"
1698423856422194101,"101049,seven+samurai+1954,108"
1698423856422187548,"250916,typhoon+club+1985,9"
1698423856421961766,"301347,the+lord+of+the+rings+the+two+towers+2002,171"
1698423856421941483,"51473,punishment+park+1971,54"
1698423856421924223,"220393,another+year+2010,102"
1698423856416386753,"466410,interstellar+2014,111"
1698423856416157668,"175413,raiders+of+the+lost+ark+1981,51"
1698423856416151532,"199001,lucky+jordan+1942,10"
1698423856413451563,"484295,how+to+train+your+dragon+2+2014,96"
1698423856411329210,"515585,the+lord+of+the+rings+the+return+of+the+king+2003,170"
1698423856410282804,"398636,the+lord+of+the+rings+the+two+towers+2002,47"
1698423856406958006,"390207,pulp+fiction+1994,63"
1698423856406945066,"104452,sweet+bunch+1983,133"
1698423856406933946,"515965,cadillac+records+2008,65"
1698423856406856627,"<no value>,<no value>,<no value>"
1698423856406846317,"65741,the+lord+of+the+rings+the+two+towers+2002,118"
1698423856406836754,"11481,one+flew+over+the+cuckoos+nest+1975,11"
1698423856406829417,"182880,when+in+rome+2002,30"
1698423856402583945,"129439,the+lord+of+the+rings+the+return+of+the+king+2003,144"
1698423856402579495,"499684,the+godfather+1972,86"
1698423856402570515,"93992,pulp+fiction+1994,103"
1698423856402555692,"556429,the+lord+of+the+rings+the+two+towers+2002,104"
1698423856402543628,"169820,the+lord+of+the+rings+the+two+towers+2002,132"
1698423856402541648,"73116,pulp+fiction+1994,80"
1698423856402536838,"340288,ghost+1990,128"
1698423856402530462,"330746,one+flew+over+the+cuckoos+nest+1975,118"
1698423856402252267,"52363,interstellar+2014,139"
1698423856402238404,"419714,the+shawshank+redemption+1994,105"
1698423856402224790,"566874,look+both+ways+2005,18"
1698423856397664211,"260069,the+lord+of+the+rings+the+return+of+the+king+2003,128"
1698423856397315927,"85912,the+lord+of+the+rings+the+return+of+the+king+2003,43"
1698423856394182918,"559577,microphone+2011,95"
1698423856391448252,"289289,pulp+fiction+1994,38"
1698423856391429619,"32294,one+flew+over+the+cuckoos+nest+1975,105"
1698423856391424279,"307188,my+neighbor+totoro+1988,79"
1698423856391417485,"147636,the+fighting+69th+1940,57"
1698423856391222807,"473971,the+lord+of+the+rings+the+two+towers+2002,50"
1698423856391212257,"80763,the+lord+of+the+rings+the+two+towers+2002,105"
1698423856391206723,"549984,the+werewolf+1956,18"
1698423856388007878,"18546,the+lord+of+the+rings+the+two+towers+2002,52"
1698423856387961998,"411713,pulp+fiction+1994,82"
1698423856387944805,"164444,the+lord+of+the+rings+the+return+of+the+king+2003,14"
1698423856387934972,"400375,pulp+fiction+1994,47"
1698423856387752550,"259170,pulp+fiction+1994,28"
1698423856387742813,"231034,the+lord+of+the+rings+the+two+towers+2002,7"
1698423856387729200,"231603,whiplash+2014,10"
1698423856387721030,"242893,seven+samurai+1954,123"
1698423856387714763,"62304,one+flew+over+the+cuckoos+nest+1975,61"
1698423856387708636,"552210,how+to+train+your+dragon+2010,78"
1698423856382191743,"502854,the+lord+of+the+rings+the+return+of+the+king+2003,85"
1698423856382183007,"235807,one+flew+over+the+cuckoos+nest+1975,115"
1698423856382176243,"115898,seven+samurai+1954,123"
1698423856381952845,"262027,princess+mononoke+1997,114"
1698423856381941962,"24589,the+lord+of+the+rings+the+return+of+the+king+2003,198"
1698423856381932992,"420656,the+lord+of+the+rings+the+return+of+the+king+2003,108"
1698423856379002811,"392983,the+man+who+knew+too+much+1956,88"
